{"IcoMoonType":"selection","icons":[{"icon":{"paths":["M741.714 755.429c0 14.286-5.714 28.571-16 38.857l-77.714 77.714c-10.286 10.286-24.571 16-38.857 16s-28.571-5.714-38.857-16l-168-168-168 168c-10.286 10.286-24.571 16-38.857 16s-28.571-5.714-38.857-16l-77.714-77.714c-10.286-10.286-16-24.571-16-38.857s5.714-28.571 16-38.857l168-168-168-168c-10.286-10.286-16-24.571-16-38.857s5.714-28.571 16-38.857l77.714-77.714c10.286-10.286 24.571-16 38.857-16s28.571 5.714 38.857 16l168 168 168-168c10.286-10.286 24.571-16 38.857-16s28.571 5.714 38.857 16l77.714 77.714c10.286 10.286 16 24.571 16 38.857s-5.714 28.571-16 38.857l-168 168 168 168c10.286 10.286 16 24.571 16 38.857z"],"width":804.5714285714286,"attrs":[],"isMulticolor":false,"isMulticolor2":false,"tags":["close","remove","times"],"defaultCode":61453,"grid":14},"attrs":[],"properties":{"name":"close, remove, times","id":17,"order":20,"prevSize":28,"code":61453},"setIdx":0,"setId":2,"iconIdx":17},{"icon":{"paths":["M512 310.857v256c0 10.286-8 18.286-18.286 18.286h-182.857c-10.286 0-18.286-8-18.286-18.286v-36.571c0-10.286 8-18.286 18.286-18.286h128v-201.143c0-10.286 8-18.286 18.286-18.286h36.571c10.286 0 18.286 8 18.286 18.286zM749.714 512c0-171.429-139.429-310.857-310.857-310.857s-310.857 139.429-310.857 310.857 139.429 310.857 310.857 310.857 310.857-139.429 310.857-310.857zM877.714 512c0 242.286-196.571 438.857-438.857 438.857s-438.857-196.571-438.857-438.857 196.571-438.857 438.857-438.857 438.857 196.571 438.857 438.857z"],"width":877.7142857142857,"attrs":[],"isMulticolor":false,"isMulticolor2":false,"tags":["clock-o"],"defaultCode":61463,"grid":16},"attrs":[],"properties":{"name":"clock","id":0,"order":6,"prevSize":28,"code":61463},"setIdx":1,"setId":1,"iconIdx":0},{"icon":{"paths":["M73.143 950.857h164.571v-164.571h-164.571v164.571zM274.286 950.857h182.857v-164.571h-182.857v164.571zM73.143 749.714h164.571v-182.857h-164.571v182.857zM274.286 749.714h182.857v-182.857h-182.857v182.857zM73.143 530.286h164.571v-164.571h-164.571v164.571zM493.714 950.857h182.857v-164.571h-182.857v164.571zM274.286 530.286h182.857v-164.571h-182.857v164.571zM713.143 950.857h164.571v-164.571h-164.571v164.571zM493.714 749.714h182.857v-182.857h-182.857v182.857zM292.571 256v-164.571c0-9.714-8.571-18.286-18.286-18.286h-36.571c-9.714 0-18.286 8.571-18.286 18.286v164.571c0 9.714 8.571 18.286 18.286 18.286h36.571c9.714 0 18.286-8.571 18.286-18.286zM713.143 749.714h164.571v-182.857h-164.571v182.857zM493.714 530.286h182.857v-164.571h-182.857v164.571zM713.143 530.286h164.571v-164.571h-164.571v164.571zM731.429 256v-164.571c0-9.714-8.571-18.286-18.286-18.286h-36.571c-9.714 0-18.286 8.571-18.286 18.286v164.571c0 9.714 8.571 18.286 18.286 18.286h36.571c9.714 0 18.286-8.571 18.286-18.286zM950.857 219.429v731.429c0 40-33.143 73.143-73.143 73.143h-804.571c-40 0-73.143-33.143-73.143-73.143v-731.429c0-40 33.143-73.143 73.143-73.143h73.143v-54.857c0-50.286 41.143-91.429 91.429-91.429h36.571c50.286 0 91.429 41.143 91.429 91.429v54.857h219.429v-54.857c0-50.286 41.143-91.429 91.429-91.429h36.571c50.286 0 91.429 41.143 91.429 91.429v54.857h73.143c40 0 73.143 33.143 73.143 73.143z"],"width":950.8571428571428,"attrs":[],"isMulticolor":false,"isMulticolor2":false,"tags":["calendar"],"defaultCode":61555,"grid":16},"attrs":[],"properties":{"name":"calendar","id":1,"order":7,"prevSize":28,"code":61555},"setIdx":1,"setId":1,"iconIdx":1},{"icon":{"paths":["M960 347.18c0-208.26-136.52-269.3-136.52-269.3-68.88-31.58-187.080-44.88-309.88-45.88h-3.020c-122.8 1-240.92 14.3-309.76 45.88 0 0-136.54 61.040-136.54 269.3 0 47.7-0.92 104.7 0.58 165.18 4.96 203.64 37.36 404.38 225.78 454.22 86.86 22.98 161.46 27.78 221.52 24.48 108.94-6 170-38.84 170-38.84l-3.58-79s-77.86 24.54-165.28 21.54c-86.62-2.96-178-9.34-192-115.62-1.273-8.829-2-19.024-2-29.389 0-0.145 0-0.289 0-0.434l-0 0.022c56.495 13.238 122.602 22.432 190.284 25.607l2.496 0.093c65.9 3.020 127.68-3.86 190.44-11.34 120.36-14.36 225.16-88.48 238.32-156.18 20.84-106.68 19.16-260.34 19.16-260.34zM798.92 615.5h-100v-244.74c0-51.6-21.72-77.78-65.16-77.78-48 0-72.12 31.060-72.12 92.48v134h-99.32v-134c0-61.42-24-92.48-72.12-92.48-43.44 0-65.16 26.18-65.16 77.78v244.74h-100v-252.16q0-77.3 39.5-122.78c27.2-30.3 62.8-45.84 107.020-45.84 51.16 0 89.9 19.64 115.5 58.96l24.94 41.7 24.9-41.7c25.62-39.32 64.34-58.96 115.5-58.96 44.22 0 79.82 15.54 107.020 45.84q39.58 45.44 39.5 122.78z"],"attrs":[{}],"isMulticolor":false,"isMulticolor2":false,"colorPermutations":{"2552552551431442171":[{}]},"tags":["logo-mastodon"],"defaultCode":59649,"grid":16},"attrs":[{}],"properties":{"order":9,"id":3,"name":"mastodon","prevSize":28,"code":59649},"setIdx":1,"setId":1,"iconIdx":2},{"icon":{"paths":["M406.286 644.571l276.571-142.857-276.571-144.571v287.429zM512 152c215.429 0 358.286 10.286 358.286 10.286 20 2.286 64 2.286 102.857 43.429 0 0 31.429 30.857 40.571 101.714 10.857 82.857 10.286 165.714 10.286 165.714v77.714s0.571 82.857-10.286 165.714c-9.143 70.286-40.571 101.714-40.571 101.714-38.857 40.571-82.857 40.571-102.857 42.857 0 0-142.857 10.857-358.286 10.857v0c-266.286-2.286-348-10.286-348-10.286-22.857-4-74.286-2.857-113.143-43.429 0 0-31.429-31.429-40.571-101.714-10.857-82.857-10.286-165.714-10.286-165.714v-77.714s-0.571-82.857 10.286-165.714c9.143-70.857 40.571-101.714 40.571-101.714 38.857-41.143 82.857-41.143 102.857-43.429 0 0 142.857-10.286 358.286-10.286v0z"],"width":1024,"attrs":[],"isMulticolor":false,"isMulticolor2":false,"colorPermutations":{"2552552551431442171":[]},"tags":["youtube-play"],"defaultCode":61802,"grid":16},"attrs":[],"properties":{"name":"youtube","id":4,"order":10,"prevSize":28,"code":61802},"setIdx":1,"setId":1,"iconIdx":3},{"icon":{"paths":["M585.143 512c0-80.571-65.714-146.286-146.286-146.286s-146.286 65.714-146.286 146.286 65.714 146.286 146.286 146.286 146.286-65.714 146.286-146.286zM664 512c0 124.571-100.571 225.143-225.143 225.143s-225.143-100.571-225.143-225.143 100.571-225.143 225.143-225.143 225.143 100.571 225.143 225.143zM725.714 277.714c0 29.143-23.429 52.571-52.571 52.571s-52.571-23.429-52.571-52.571 23.429-52.571 52.571-52.571 52.571 23.429 52.571 52.571zM438.857 152c-64 0-201.143-5.143-258.857 17.714-20 8-34.857 17.714-50.286 33.143s-25.143 30.286-33.143 50.286c-22.857 57.714-17.714 194.857-17.714 258.857s-5.143 201.143 17.714 258.857c8 20 17.714 34.857 33.143 50.286s30.286 25.143 50.286 33.143c57.714 22.857 194.857 17.714 258.857 17.714s201.143 5.143 258.857-17.714c20-8 34.857-17.714 50.286-33.143s25.143-30.286 33.143-50.286c22.857-57.714 17.714-194.857 17.714-258.857s5.143-201.143-17.714-258.857c-8-20-17.714-34.857-33.143-50.286s-30.286-25.143-50.286-33.143c-57.714-22.857-194.857-17.714-258.857-17.714zM877.714 512c0 60.571 0.571 120.571-2.857 181.143-3.429 70.286-19.429 132.571-70.857 184s-113.714 67.429-184 70.857c-60.571 3.429-120.571 2.857-181.143 2.857s-120.571 0.571-181.143-2.857c-70.286-3.429-132.571-19.429-184-70.857s-67.429-113.714-70.857-184c-3.429-60.571-2.857-120.571-2.857-181.143s-0.571-120.571 2.857-181.143c3.429-70.286 19.429-132.571 70.857-184s113.714-67.429 184-70.857c60.571-3.429 120.571-2.857 181.143-2.857s120.571-0.571 181.143 2.857c70.286 3.429 132.571 19.429 184 70.857s67.429 113.714 70.857 184c3.429 60.571 2.857 120.571 2.857 181.143z"],"width":877.7142857142857,"attrs":[],"isMulticolor":false,"isMulticolor2":false,"colorPermutations":{"2552552551431442171":[]},"tags":["instagram"],"defaultCode":61805,"grid":16},"attrs":[],"properties":{"name":"instagram","id":5,"order":11,"prevSize":28,"code":61805},"setIdx":1,"setId":1,